﻿<?xml version="1.0" encoding="utf-8" standalone="yes" ?>
<SQLSERVER>
	<!-- 服务器参数配置 DBSERVER-数据库IP地址---DBPORT-端口号 DATABASE-数据库名 DBACCOUNT-数据库帐号 DBPASSWORD-数据库密码-->
    <DBSERVER key="112.74.18.143"/>
    <DBPORT key="1788"/>
    <DATABASE key="HN_zh"/>
    <DBACCOUNT key="HN_zh"/>
    <DBPASSWORD key="www.hn78.com"/>
    <DETECTTABLE key="" />
</SQLSERVER>
<SERVERSET>
  <!-- 对应的游戏名字-->
  <ServiceName key="gamj_cjfj"/>
</SERVERSET>
